Date,Open,High,Low,Close,Volume,Dividends,Stock Splits
2000-10-30 00:00:00+08:00,0.3034604787826538,0.30549732498593485,0.2993873544988124,0.3034604787826538,128839100,0.0,0.0
2000-11-29 00:00:00+08:00,0.301424007605403,0.3034605703619239,0.2769841182813677,0.2790209650993347,146456700,0.0,0.0
2000-12-28 00:00:00+08:00,0.23828798149895772,0.24643453154370826,0.23828798149895772,0.24439768493175507,70657600,0.0,0.0
2001-01-30 00:00:00+08:00,0.23828802656138187,0.23828802656138187,0.22810465954129092,0.23014122247695923,56994600,0.0,0.0
2001-02-27 00:00:00+08:00,0.2688376222988216,0.2708742169139674,0.2627276648602529,0.26680105924606323,67046200,0.0,0.0
2001-03-29 00:00:00+08:00,0.23421460826699006,0.2443977059571319,0.23217804554125007,0.2423611432313919,66537900,0.0,0.0
2001-04-27 00:00:00+08:00,0.2790210117135163,0.2851309850652777,0.2749476014585109,0.2830941379070282,192292100,0.0,0.0
2001-05-30 00:00:00+08:00,0.3277803574906632,0.32993701739873843,0.3083725237131918,0.31915462017059326,444553200,0.0,0.0
2001-06-28 00:00:00+08:00,0.33209339749864897,0.3342497567720954,0.319154640316445,0.325624018907547,117503100,0.0,0.0
2001-07-30 00:00:00+08:00,0.293277109053089,0.29543376897302903,0.28465137168556504,0.2889643907546997,55585400,0.0,0.0
2001-08-30 00:00:00+08:00,0.2415223896972782,0.2501481266687548,0.2415223896972782,0.24583540856838226,81010800,0.0,0.0
2001-09-27 00:00:00+08:00,0.22642726128486124,0.2328966388198742,0.22642726128486124,0.2307399958372116,52405600,0.0,0.0
2001-10-30 00:00:00+08:00,0.2479918197635805,0.25877391805238525,0.24367879998558173,0.2544611990451813,133614000,0.0,0.0
2001-11-29 00:00:00+08:00,0.2372094690799713,0.24152247272424995,0.23505309257901322,0.2372094690799713,53144000,0.0,0.0
2001-12-28 00:00:00+08:00,0.23073999583721158,0.23505299774130733,0.22858362020629436,0.2307399958372116,36758800,0.0,0.0
2002-01-30 00:00:00+08:00,0.24367873985700747,0.2523047605750159,0.24152238088549455,0.25014811754226685,124852000,0.0,0.0
2002-02-27 00:00:00+08:00,0.25661754837284284,0.2630869273979061,0.25661754837284284,0.2609305679798126,20969000,0.0,0.0
2002-03-28 00:00:00+08:00,0.2738694243842627,0.2760258014178268,0.267400042641146,0.2717127799987793,49744500,0.0,0.0
2002-04-29 00:00:00+08:00,0.2781821446988173,0.2781821446988173,0.2674000262586435,0.2695564031600952,140244000,0.0,0.0
2002-05-30 00:00:00+08:00,0.2717127633520531,0.2717127633520531,0.2652433820052888,0.2695564031600952,74349020,0.0,0.0
2002-06-27 00:00:00+08:00,0.29759013378089205,0.29759013378089205,0.2932771146297455,0.2932771146297455,15516800,0.0,0.0
2002-07-30 00:00:00+08:00,0.2766254796674183,0.28348397258966884,0.27433909688043223,0.28119760751724243,63580400,0.0,0.0
2002-08-29 00:00:00+08:00,0.2766255645099955,0.2766255645099955,0.2651946036553488,0.2674809694290161,43738812,0.0,0.0
2002-09-27 00:00:00+08:00,0.2858456112018547,0.2904936373233795,0.2858456112018547,0.2904936373233795,30719000,0.0,0.0
2002-10-30 00:00:00+08:00,0.2719021410324884,0.27654986065161113,0.2719021410324884,0.27422600984573364,25758200,0.0,0.0
2002-11-28 00:00:00+08:00,0.2788738191117303,0.28352184665039226,0.2788738191117303,0.28119799494743347,56274400,0.0,0.0
2002-12-30 00:00:00+08:00,0.31605699413137983,0.31605699413137983,0.3021135622021922,0.3067612648010254,15698800,0.0,0.0
2003-01-30 00:00:00+08:00,0.3323250549806405,0.33464890718460083,0.33000087864386596,0.33464890718460083,36843300,0.0,0.0
2003-02-27 00:00:00+08:00,0.34626835327906913,0.34626835327906913,0.3369726240634918,0.3369726240634918,53232400,0.0,0.0
2003-03-28 00:00:00+08:00,0.3439445682041496,0.36021217849545606,0.3439445682041496,0.3555644750595093,108450030,0.0,0.0
2003-04-29 00:00:00+08:00,0.35788822174072266,0.36253624794526473,0.35556437070477726,0.35788822174072266,86496800,0.0,0.0
2003-05-29 00:00:00+08:00,0.38809969800524374,0.38809969800524374,0.37647979107913093,0.3834516704082489,61985300,0.0,0.0
2003-06-27 00:00:00+08:00,0.44939376531971054,0.4517968762073338,0.44218424644423765,0.4445873200893402,63597300,0.0,0.0
2003-07-30 00:00:00+08:00,0.5046668084059774,0.5046668084059774,0.48664310421752227,0.492651104927063,40679600,0.0,0.0
2003-08-28 00:00:00+08:00,0.5347065242901702,0.5407145619392395,0.5226905234770695,0.5407145619392395,175154948,0.0,0.0
2003-09-29 00:00:00+08:00,0.5176544785499573,0.5237446316134488,0.5054742479260436,0.5176544785499573,38709431,0.0,0.0
2003-10-30 00:00:00+08:00,0.6150952472179594,0.6211853623390198,0.5968251661155118,0.6211853623390198,100167600,0.0,0.0
2003-11-27 00:00:00+08:00,0.5602846644439624,0.5663747787475586,0.5541948521525929,0.5663747787475586,42004300,0.0,0.0
2003-12-30 00:00:00+08:00,0.7673466003226931,0.8221571526704674,0.7673466003226931,0.8038870692253113,210044770,0.0,0.0
2004-01-29 00:00:00+08:00,0.7368963775622424,0.7673463821411133,0.7368963775622424,0.7673463821411133,116903800,0.0,0.0
2004-02-26 00:00:00+08:00,0.7734366446131455,0.7856168746948242,0.7612567165437303,0.7856168746948242,127110799,0.0,0.0
2004-03-30 00:00:00+08:00,0.6820859161126314,0.700355994357938,0.6759957641924375,0.6942658424377441,172494787,0.0,0.0
2004-04-29 00:00:00+08:00,0.6516356153240599,0.6638155417574714,0.6333655369163034,0.6577256917953491,171506400,0.0,0.0
2004-05-28 00:00:00+08:00,0.7210210664616549,0.7396680826256998,0.7148053430331124,0.7272368669509888,203535386,0.0,0.0
2004-06-29 00:00:00+08:00,0.7148054653728915,0.7148054653728915,0.6899426444642122,0.7023738622665405,117124280,0.0,0.0
2004-07-29 00:00:00+08:00,0.7458837913437892,0.7520995140075684,0.7396679916192282,0.7520995140075684,111194707,0.0,0.0
2004-08-30 00:00:00+08:00,0.7458838708937205,0.7583150863647461,0.7458838708937205,0.7583150863647461,82165200,0.0,0.0
2004-09-29 00:00:00+08:00,0.7805556654930115,0.7805556654930115,0.7805556654930115,0.7805556654930115,0,0.0,0.0
2004-10-28 00:00:00+08:00,0.7553762793540955,0.7679656993117906,0.7490813742715087,0.7553762793540955,132740400,0.0,0.0
2004-11-29 00:00:00+08:00,0.8246188772759557,0.8372086869635462,0.8246188772759557,0.830913782119751,101110737,0.0,0.0
2004-12-30 00:00:00+08:00,0.8120293976061375,0.8120293976061375,0.7868502483462554,0.7931447625160217,80626000,0.0,0.0
2005-01-28 00:00:00+08:00,0.7805556654930115,0.78685057246319,0.7679659295941734,0.7805556654930115,30973670,0.0,0.0
2005-02-25 00:00:00+08:00,0.8372088585134944,0.8812723429925574,0.8309139523798288,0.8686829209327698,309341866,0.0,0.0
2005-03-30 00:00:00+08:00,0.7805553439690546,0.7994396668932225,0.7742605176333406,0.7931447625160217,140874500,0.0,0.0
2005-04-28 00:00:00+08:00,0.7805556477438026,0.7868505545708401,0.7679659121312451,0.7742608189582825,90301640,0.0,0.0
2005-05-30 00:00:00+08:00,0.7430566489045723,0.7495180368423462,0.7365951808603276,0.7495180368423462,116971400,0.0,0.0
2005-06-29 00:00:00+08:00,0.7882861495018004,0.794747618410475,0.7818250010190522,0.7882861495018005,191044231,0.0,0.0
2005-07-28 00:00:00+08:00,0.8722835853814923,0.8787450520818126,0.8464381191124818,0.8593610525131226,338555604,0.0,0.0
2005-08-30 00:00:00+08:00,0.891668200492859,0.8981292687993385,0.8787453429215735,0.8916682004928589,103330897,0.0,0.0
2005-09-29 00:00:00+08:00,0.8818869892163106,0.9210821284915852,0.8818869892163106,0.9080169200897217,262547538,0.0,0.0
2005-10-28 00:00:00+08:00,0.8165623845260588,0.8165623845260588,0.7904323681361017,0.8034972548484802,155971400,0.0,0.0
2005-11-29 00:00:00+08:00,0.9276145361288097,0.9276145361288097,0.9014846085110341,0.9145494103431702,132095600,0.0,0.0
2005-12-29 00:00:00+08:00,1.032134707558995,1.0386673128383273,1.019069901942328,1.025602102279663,80732600,0.0,0.0
2006-01-26 00:00:00+08:00,1.175849437713623,1.175849437713623,1.156252032122859,1.175849437713623,80861448,0.0,0.0
2006-02-27 00:00:00+08:00,1.2477067118077356,1.2803692437532728,1.2215767834373599,1.2346419095993042,339591902,0.0,0.0
2006-03-30 00:00:00+08:00,1.1758495295849067,1.2085120637610447,1.1758495295849067,1.1889146566390991,177308418,0.0,0.0
2006-04-27 00:00:00+08:00,1.3326293556035498,1.3326293556035498,1.2803694110461437,1.2934346199035645,172472300,0.0,0.0
2006-05-29 00:00:00+08:00,1.2085120716998188,1.2346420020263174,1.2085120716998188,1.2281094789505005,147917900,0.0,0.0
2006-06-29 00:00:00+08:00,1.1466852271040153,1.1533520276294364,1.1266849908339893,1.140018343925476,114423400,0.0,0.0
2006-07-28 00:00:00+08:00,1.1653523994638166,1.1733525621277043,1.1600188750347522,1.1706860065460205,77120206,0.0,0.0
2006-08-30 00:00:00+08:00,1.2293533727037491,1.2400204215839294,1.224020178876217,1.2320202589035034,150880600,0.0,0.0
2006-09-28 00:00:00+08:00,1.290586593949877,1.3067189909591732,1.282520395445229,1.2878979444503784,97801600,0.0,0.0
2006-10-27 00:00:00+08:00,1.4196447870896214,1.4250222502987975,1.3739365164823176,1.3820027112960815,155527625,0.0,0.0
2006-11-29 00:00:00+08:00,1.5513918709467918,1.6024777682041196,1.5513918709467918,1.5971001386642456,249270892,0.0,0.0
2006-12-28 00:00:00+08:00,1.8821047495209737,1.9331904822468482,1.860594730472785,1.9251242876052856,215537387,0.0,0.0
2007-01-30 00:00:00+08:00,1.7476693933937912,1.7906886117870673,1.7476693933937912,1.777245283126831,113891830,0.0,0.0
2007-02-27 00:00:00+08:00,1.8014433021150076,1.8041320339094622,1.7154042180338687,1.73960280418396,213263700,0.0,0.0
2007-03-29 00:00:00+08:00,1.7476689536564358,1.8014432547914803,1.742291323538092,1.7853108644485474,169389892,0.0,0.0
2007-04-27 00:00:00+08:00,1.892860293174927,1.892860293174927,1.8498407372693433,1.8713507652282715,111445558,0.0,0.0
2007-05-30 00:00:00+08:00,2.1348449138729992,2.1724869958971484,2.0945140997992167,2.145599842071533,233113110,0.0,0.0
2007-06-28 00:00:00+08:00,2.41861735902225,2.4322354146199507,2.3614201072810173,2.383209705352783,257657091,0.0,0.0
2007-07-30 00:00:00+08:00,2.206172242590003,2.2551979735108425,2.206172242590003,2.2361323833465576,205580603,0.0,0.0
2007-08-30 00:00:00+08:00,2.315118014144165,2.32873640804126,2.2851577164075745,2.3042232990264893,270691219,0.0,0.0
2007-09-27 00:00:00+08:00,2.619665211446799,2.630626025823061,2.5484189837490905,2.6114444732666016,345578134,0.0,0.0
2007-10-30 00:00:00+08:00,3.178672385483478,3.282801380501968,3.173192233908985,3.2608797550201416,331134482,0.0,0.0
2007-11-29 00:00:00+08:00,3.1786716598909535,3.255398520610801,3.1293475891560676,3.167711019515991,419613317,0.0,0.0
2007-12-28 00:00:00+08:00,3.299242761171529,3.3156842346142197,3.1896336176761393,3.211555242538452,186577053,0.0,0.0
2008-01-30 00:00:00+08:00,2.2395939773306743,2.4662111854923747,2.2395939773306743,2.2798755168914795,244785486,0.0,0.0
2008-02-28 00:00:00+08:00,2.411406380959388,2.5073147977624,2.403185644959362,2.471691608428955,333270070,0.0,0.0
2008-03-28 00:00:00+08:00,1.8030745345149668,1.8962421999890149,1.7811527408660122,1.8770606517791748,272626053,0.0,0.0
2008-04-29 00:00:00+08:00,2.3231711119728153,2.3231711119728153,2.2058890420905066,2.2524728775024414,166405366,0.0,0.0
2008-05-29 00:00:00+08:00,1.9921508718919874,2.0770983213604555,1.9811900586163,2.041475296020508,413225872,0.0,0.0
2008-06-27 00:00:00+08:00,2.1484466326267477,2.1484466326267477,2.0144299586834182,2.0478644371032715,285280902,0.0,0.0
2008-07-30 00:00:00+08:00,2.3125531673431396,2.3125531673431396,2.3125531673431396,2.3125531673431396,0,0.0,0.0
2008-08-28 00:00:00+08:00,2.201105274848078,2.2094639346119784,2.0729393311821336,2.1119465827941895,250639537,0.0,0.0
2008-09-29 00:00:00+08:00,1.643237894638424,1.8171091539130915,1.6239187501234171,1.6491175889968872,256006483,0.0,0.0
2008-10-30 00:00:00+08:00,1.1619421514840103,1.4419283866882324,1.1619421514840103,1.4419283866882324,432845088,0.0,0.0
2008-11-27 00:00:00+08:00,1.346732885578416,1.4699266071128063,1.346732885578416,1.3971301317214966,277474704,0.0,0.0
2008-12-30 00:00:00+08:00,1.3159339486744577,1.338332999802998,1.2907351137823713,1.3075343370437622,132655159,0.0,0.0
2009-01-29 00:00:00+08:00,1.1479429701717951,1.2543374004344643,1.1479429701717951,1.2123397588729858,244776043,0.0,0.0
2009-02-26 00:00:00+08:00,1.198340055533453,1.198340055533453,1.1367430605544062,1.145142674446106,205319918,0.0,0.0
2009-03-30 00:00:00+08:00,1.3971301313201159,1.405529744658247,1.3075346028335315,1.3131344318389893,276392979,0.0,0.0
2009-04-29 00:00:00+08:00,1.6183197424866673,1.6519182095637337,1.598720636691712,1.6239194869995117,206663616,0.0,0.0
2009-05-27 00:00:00+08:00,1.6519177618770295,1.8087098715038186,1.6519177618770295,1.7975103855133057,262023902,0.0,0.0
2009-06-29 00:00:00+08:00,1.6149866163326019,1.6434695609795387,1.6149866163326019,1.6292283535003662,136232774,0.0,0.0
2009-07-30 00:00:00+08:00,1.9510856991937093,1.9624792988476008,1.8827267497128652,1.9197546243667603,222292296,0.0,0.0
2009-08-28 00:00:00+08:00,1.9938105723700712,1.9938105723700712,1.896968143792054,1.899816632270813,332923535,0.0,0.0
2009-09-29 00:00:00+08:00,1.9307364257282298,1.9509083772180744,1.9163278889497692,1.9249730110168457,118542970,0.0,0.0
2009-10-29 00:00:00+08:00,1.9019195389220258,1.9220913118649796,1.8903925308170704,1.910564661026001,194695077,0.0,0.0
2009-11-27 00:00:00+08:00,1.8731027511328826,1.8846294026319015,1.8010602414407726,1.8298771381378174,334942164,0.0,0.0
2009-12-30 00:00:00+08:00,1.9710794715598603,1.9797245906509817,1.942262586555715,1.9566707611083984,153164843,0.0,0.0
2010-01-28 00:00:00+08:00,1.7866513106337287,1.7981784966477656,1.7693610675116047,1.792414903640747,114376834,0.0,0.0
2010-02-25 00:00:00+08:00,1.685792088508606,1.714608978581547,1.671383375522699,1.685792088508606,104137053,0.0,0.0
2010-03-30 00:00:00+08:00,1.8327586670378233,1.8529306197688538,1.8212320155388044,1.8298771381378174,172149513,0.0,0.0
2010-04-29 00:00:00+08:00,1.8154680892457555,1.824113210260981,1.7751245484406348,1.7780060768127441,132984646,0.0,0.0
2010-05-28 00:00:00+08:00,1.7981784950381636,1.8010600235896277,1.7751246589296572,1.7952964305877686,161328939,0.0,0.0
2010-06-29 00:00:00+08:00,1.9279289719557913,1.933815800819116,1.857287390512141,1.8808343410491943,107807216,0.0,0.0
2010-07-29 00:00:00+08:00,1.8543427744388068,1.8543427744388068,1.8249088258616333,1.8396260738372803,60906996,0.0,0.0
2010-08-30 00:00:00+08:00,1.8307959809223238,1.8366829900581485,1.8160787317698441,1.824908971786499,67103692,0.0,0.0
2010-09-29 00:00:00+08:00,2.0196096561289654,2.0554604827952367,2.0166218711768162,2.0524730682373047,163770422,0.0,0.0
2010-10-28 00:00:00+08:00,2.2287408307320753,2.2526418152321064,2.2078278165391447,2.2227654457092285,90342726,0.0,0.0
2010-11-29 00:00:00+08:00,2.166002198463747,2.2078284235461765,2.1450888081267787,2.201853036880493,79673622,0.0,0.0
2010-12-30 00:00:00+08:00,2.204840305771314,2.2197781207424745,2.1839269203385867,2.1899023056030273,60648372,0.0,0.0
2011-01-28 00:00:00+08:00,2.4707356813435735,2.5035990976307687,2.440859865191317,2.494636297225952,138026705,0.0,0.0
2011-02-25 00:00:00+08:00,2.2974557531655377,2.3781205977924307,2.2795301498274916,2.3243441581726074,174137563,0.0,0.0
2011-03-30 00:00:00+08:00,2.3303188980305887,2.348244126001696,2.3094055147406074,2.333306312561035,164847738,0.0,0.0
2011-04-28 00:00:00+08:00,2.38409490909998,2.3960451207397657,2.3213556961006105,2.342268705368042,105309696,0.0,0.0
2011-05-30 00:00:00+08:00,2.2825176015711626,2.2855050162507946,2.2645920023106734,2.273554801940918,46066408,0.0,0.0
2011-06-29 00:00:00+08:00,2.375717227778358,2.3909657931897974,2.351319712167481,2.366568088531494,88147558,0.0,0.0
2011-07-28 00:00:00+08:00,2.3452209896767524,2.372668417865358,2.317773561488147,2.3696188926696777,61939192,0.0,0.0
2011-08-30 00:00:00+08:00,2.3055738520499087,2.3269216530610675,2.2872755748568476,2.3025243282318115,144270053,0.0,0.0
2011-09-28 00:00:00+08:00,2.3146033013939893,2.3703770970798965,2.302209316649298,2.357983112335205,128286122,0.0,0.0
2011-10-28 00:00:00+08:00,2.3393917044201493,2.3982638486456436,2.2805195601946546,2.3238987922668457,162005717,0.0,0.0
2011-11-29 00:00:00+08:00,2.488121281000885,2.5222050736486916,2.4478404002217693,2.48502254486084,85372150,0.0,0.0
2011-12-29 00:00:00+08:00,2.5253035358690057,2.5531904336771527,2.5098111990132774,2.531500816345215,66325704,0.0,0.0
2012-01-30 00:00:00+08:00,2.9126205984351303,2.9219162316439102,2.853748446853937,2.85994553565979,165439649,0.0,0.0
2012-02-28 00:00:00+08:00,2.6740337421380755,2.723610265969227,2.6740337421380755,2.7205119132995605,88048083,0.0,0.0
2012-03-29 00:00:00+08:00,2.661638795770912,2.661638795770912,2.6120622862334186,2.6213579177856445,117427991,0.0,0.0
2012-04-27 00:00:00+08:00,2.550092629764035,2.5624866171576897,2.519107373168238,2.540796995162964,95945809,0.0,0.0
2012-05-30 00:00:00+08:00,2.2759775193964322,2.2791831341308213,2.22148246633492,2.2599494457244873,89134279,0.0,0.0
2012-06-28 00:00:00+08:00,2.1958373075535933,2.2022487356107217,2.147753484884826,2.1573703289031982,58411576,0.0,0.0
2012-07-30 00:00:00+08:00,2.237510436393087,2.237510436393087,2.2118659125736726,2.227893590927124,109139745,0.0,0.0
2012-08-30 00:00:00+08:00,2.3689399616026505,2.384967636590496,2.3432948470336514,2.3753511905670166,82078041,0.0,0.0
2012-09-27 00:00:00+08:00,2.300284630712706,2.3720666442151797,2.300284630712706,2.35575270652771,72339053,0.0,0.0
2012-10-30 00:00:00+08:00,2.672246398445521,2.7211882186189302,2.639617709297318,2.6494061946868896,90573031,0.0,0.0
2012-11-29 00:00:00+08:00,2.639617709297318,2.6689831654660323,2.629829628424045,2.6494061946868896,71716374,0.0,0.0
2012-12-28 00:00:00+08:00,2.8386499101528657,2.861489509320519,2.8288614238275134,2.854964256286621,68206361,0.0,0.0
2013-01-30 00:00:00+08:00,3.0996752282182087,3.1225148260970474,3.0703097708992138,3.0735723972320557,108994254,0.0,0.0
2013-02-27 00:00:00+08:00,2.854964361406718,2.8614896146808766,2.8125475857684017,2.8484385013580322,164422083,0.0,0.0
2013-03-27 00:00:00+08:00,2.9528490686113855,2.9952658506724674,2.9430605804434435,2.969163417816162,213744585,0.0,0.0
2013-04-29 00:00:00+08:00,2.74076509475708,2.7570794387678332,2.7146628724691872,2.74076509475708,101669148,0.0,0.0
2013-05-30 00:00:00+08:00,2.6820346533035515,2.6918231400662775,2.613515852739001,2.6559324264526367,118612205,0.0,0.0
2013-06-27 00:00:00+08:00,2.328103162738377,2.3631781302347803,2.3193344208642763,2.3412563800811768,139052310,0.0,0.0
2013-07-30 00:00:00+08:00,2.5166316446977914,2.569244313935364,2.512247377548271,2.5210161209106445,58796466,0.0,0.0
2013-08-29 00:00:00+08:00,2.5341691772692214,2.538553444136367,2.47278776862263,2.4947097301483154,90374865,0.0,0.0
2013-09-27 00:00:00+08:00,2.7886807974411063,2.802088010915532,2.7484595832186867,2.7663357257843018,101056940,0.0,0.0
2013-10-30 00:00:00+08:00,2.7752742780135886,2.788681280710978,2.743990916552238,2.784212350845337,118710333,0.0,0.0
2013-11-28 00:00:00+08:00,3.0255398441805523,3.061292127398572,2.9585042065965568,2.9763803482055664,138668904,0.0,0.0
2013-12-30 00:00:00+08:00,2.8557164644472723,2.8646545358109403,2.788680822669548,2.8065571784973145,50139222,0.0,0.0
2014-01-29 00:00:00+08:00,2.7886815179503133,2.8020887348887498,2.752929223581794,2.7573983669281006,99560501,0.0,0.0
2014-02-27 00:00:00+08:00,3.0657618033013616,3.137266382191041,3.056823730940152,3.123859167098999,370177917,0.0,0.0
2014-03-28 00:00:00+08:00,3.065762979816211,3.1283295103551643,3.065762979816211,3.0881080627441406,91205849,0.0,0.0
2014-04-29 00:00:00+08:00,3.110452651270118,3.114921581598988,3.0076646965002536,3.092576503753662,136344380,0.0,0.0
2014-05-29 00:00:00+08:00,3.2410089773211013,3.268552936919306,3.227237106971965,3.2455997467041016,79080954,0.0,0.0
2014-06-27 00:00:00+08:00,3.4062726110658765,3.4338165678925656,3.3695473352969576,3.410863161087036,70681828,0.0,0.0
2014-07-30 00:00:00+08:00,3.5072670445761416,3.5577644071306143,3.4934951759066797,3.5394017696380615,114261336,0.0,0.0
2014-08-28 00:00:00+08:00,3.6266241731848914,3.6633494458004523,3.5669454957346596,3.57612681388855,105171520,0.0,0.0
2014-09-29 00:00:00+08:00,3.181145271341614,3.2137485974852638,3.1718300670279986,3.1951181888580322,132527100,0.0,0.0
2014-10-30 00:00:00+08:00,3.1671719612718245,3.1671719612718245,3.0926501191331823,3.125253438949585,118550809,0.0,0.0
2014-11-27 00:00:00+08:00,3.046074593382311,3.060047510419983,2.985525656372367,2.9948408603668213,64447821,0.0,0.0
2014-12-30 00:00:00+08:00,2.9808673720432886,2.9808673720432886,2.859769530254404,2.8923728466033936,121079735,0.0,0.0
2015-01-29 00:00:00+08:00,2.8877155118837456,2.892373224295496,2.8411394982259983,2.8737428188323975,119483104,0.0,0.0
2015-02-26 00:00:00+08:00,3.008814268377629,3.06470550146459,2.971553446319655,3.0414175987243652,163375497,0.0,0.0
2015-03-30 00:00:00+08:00,2.841139604202481,2.8830581291040196,2.808536504471916,2.850454807281494,140343497,0.0,0.0
2015-04-29 00:00:00+08:00,3.367449412892923,3.4000527374215053,3.330188597484246,3.390737533569336,158666489,0.0,0.0
2015-05-28 00:00:00+08:00,3.311558256783824,3.3162157477581564,3.143884361960192,3.2230637073516846,200599018,0.0,0.0
2015-06-29 00:00:00+08:00,3.178671007518489,3.18342960608617,3.064467364723768,3.1072938442230225,146245776,0.0,0.0
2015-07-30 00:00:00+08:00,2.850334715379623,2.850334715379623,2.7932329035732453,2.8027498722076416,70674624,0.0,0.0
2015-08-28 00:00:00+08:00,2.4696559924291224,2.5362747795954945,2.4506220532387304,2.464897394180298,150401914,0.0,0.0
2015-09-29 00:00:00+08:00,2.270310391023579,2.270310391023579,2.1682193287256157,2.1779422760009766,185715784,0.0,0.0
2015-10-29 00:00:00+08:00,2.7661802596249396,2.7904875039447736,2.722426895310657,2.732149839401245,108433865,0.0,0.0
2015-11-27 00:00:00+08:00,2.4112917703445156,2.4258760664472616,2.3043391837960794,2.3140623569488525,180973195,0.0,0.0
2015-12-30 00:00:00+08:00,2.328647117506198,2.3383700607850297,2.2557249270083304,2.289755344390869,72037598,0.0,0.0
2016-01-28 00:00:00+08:00,2.0175128014719688,2.06126593250397,1.9786210264154056,2.032097101211548,99286523,0.0,0.0
2016-02-26 00:00:00+08:00,2.0904350511118466,2.1828029034169685,2.0904350511118466,2.1536340713500977,104389551,0.0,0.0
2016-03-30 00:00:00+08:00,2.348093530596097,2.440461628364083,2.3432321737732056,2.425877094268799,170343016,0.0,0.0
2016-04-28 00:00:00+08:00,2.6981194107527853,2.7418725393580576,2.68353488000886,2.722426652908325,122704051,0.0,0.0
2016-05-30 00:00:00+08:00,2.5279679579367174,2.61061310437541,2.5279679579367174,2.6008901596069336,90646171,0.0,0.0
2016-06-29 00:00:00+08:00,2.6511220393722983,2.7003993526561625,2.6412665767155254,2.6905438899993896,84952368,0.0,0.0
2016-07-28 00:00:00+08:00,2.8088101704057173,2.8088101704057173,2.7595328443407237,2.794027090072632,95394291,0.0,0.0
2016-08-30 00:00:00+08:00,2.779243513755176,2.8038822919601443,2.7595325851803225,2.7890989780426025,60405301,0.0,0.0
2016-09-29 00:00:00+08:00,2.840116537176557,2.8701706513608385,2.7900263468694217,2.845125436782837,197556317,0.0,0.0
2016-10-28 00:00:00+08:00,2.845125364313823,2.875179477732587,2.820080389222617,2.8351073265075684,64374598,0.0,0.0
2016-11-29 00:00:00+08:00,2.729917728063494,2.759972079427767,2.7198996905583543,2.7249088287353516,85981854,0.0,0.0
2016-12-29 00:00:00+08:00,2.734926737428158,2.7599719494358292,2.7148906633615577,2.7399356365203857,80185291,0.0,0.0
2017-01-26 00:00:00+08:00,3.1356492756456804,3.1757214311806345,3.1055949201455775,3.145667314529419,82432118,0.0,0.0
2017-02-27 00:00:00+08:00,3.0555039356696643,3.0555039356696643,3.0054137542027175,3.0354678630828857,74202445,0.0,0.0
2017-03-30 00:00:00+08:00,3.1907481785100273,3.195757317075593,3.170712101945512,3.185739278793335,94509962,0.0,0.0
2017-04-27 00:00:00+08:00,3.1907476270828936,3.1957567647827765,3.1456665820281065,3.175720691680908,67826257,0.0,0.0
2017-05-29 00:00:00+08:00,3.185738600815227,3.2057746731157333,3.1757205646649735,3.1907474994659424,37401054,0.0,0.0
2017-06-29 00:00:00+08:00,3.0705316430100082,3.0905677190778658,3.06552250456861,3.075540542602539,81785840,0.0,0.0
2017-07-28 00:00:00+08:00,3.0697476863861084,3.080100957373324,3.043864632338795,3.0697476863861084,54723671,0.0,0.0
2017-08-30 00:00:00+08:00,3.0335112368898445,3.105984130826868,3.028334478187908,3.0904541015625,153553162,0.0,0.0
2017-09-28 00:00:00+08:00,3.087809248085703,3.087809248085703,3.040304660797119,3.040304660797119,99199926,0.0,0.0
2017-10-30 00:00:00+08:00,2.9980778220854836,3.056139260585991,2.9980778220854836,3.019191026687622,107789834,0.0,0.0
2017-11-29 00:00:00+08:00,2.961129504430652,2.976964280243819,2.934737875823076,2.9558510780334473,69525981,0.0,0.0
2017-12-28 00:00:00+08:00,3.0561391816960484,3.082530812612085,3.013912773581786,3.0244693756103516,71008192,0.0,0.0
2018-01-30 00:00:00+08:00,3.6525876796346406,3.694814086062217,3.5839696433452115,3.6156394481658936,146852533,0.0,0.0
2018-02-27 00:00:00+08:00,3.4678466554878997,3.510073057407943,3.4150634013986365,3.430898427963257,118174226,0.0,0.0
2018-03-28 00:00:00+08:00,3.589248065605345,3.6209178703873106,3.552299834181768,3.562856435775757,198241023,0.0,0.0
2018-04-27 00:00:00+08:00,4.037904452735333,4.064295833763589,3.9903996145195046,4.059017658233643,184779086,0.0,0.0
2018-05-30 00:00:00+08:00,3.9974777613416035,4.093192061840118,3.9974777613416035,4.070671081542969,158051339,0.0,0.0
2018-06-28 00:00:00+08:00,3.941175441848035,4.036889745534033,3.8623520081830303,3.929914951324463,144165384,0.0,0.0
2018-07-30 00:00:00+08:00,4.222686882699079,4.2564683455441275,4.188905419854031,4.2283172607421875,76824881,0.0,0.0
2018-08-30 00:00:00+08:00,4.498569943293331,4.521090923428444,4.419746512820436,4.425376892089844,80608369,0.0,0.0
2018-09-27 00:00:00+08:00,4.455234636885854,4.5128702174427735,4.403362476970563,4.432180404663086,96595220,0.0,0.0
2018-10-30 00:00:00+08:00,3.7463167974857994,3.8212431993942744,3.6829175131918466,3.7693710327148438,156212891,0.0,0.0
2018-11-29 00:00:00+08:00,3.832770036685183,3.832770036685183,3.752080219285072,3.7981886863708496,87600548,0.0,0.0
2018-12-28 00:00:00+08:00,3.112325061893438,3.2045420111907235,3.0950342464861036,3.118088483810425,279385969,0.0,0.0
2019-01-30 00:00:00+08:00,3.7463162155072083,3.7981883741284603,3.682916941062136,3.7924246788024902,143946581,0.0,0.0
2019-02-27 00:00:00+08:00,3.8904060750885403,3.948041665679773,3.8731152604970833,3.901933193206787,96317148,0.0,0.0
2019-03-28 00:00:00+08:00,3.6310453969314094,3.6368088179683933,3.584936654494813,3.619518280029297,89994253,0.0,0.0
2019-04-29 00:00:00+08:00,3.475429518745822,3.475429518745822,3.412030232215102,3.4581387042999268,89789767,0.0,0.0
2019-05-30 00:00:00+08:00,3.244886692614736,3.2506501138722226,3.2103053405853474,3.2333595752716064,126751229,0.0,0.0
2019-06-27 00:00:00+08:00,3.2595574855804443,3.2839279860299992,3.247372235355667,3.2595574855804443,68326503,0.0,0.0
2019-07-30 00:00:00+08:00,3.0828717735139755,3.1194275308458406,3.0828717735139755,3.101149797439575,42914392,0.0,0.0
2019-08-29 00:00:00+08:00,2.729499045262422,2.7660548010292327,2.729499045262422,2.759962320327759,93813951,0.0,0.0
2019-09-27 00:00:00+08:00,2.8842601776123042,2.8968004275547568,2.871719927669852,2.8842601776123047,47451643,0.0,0.0
2019-10-30 00:00:00+08:00,2.890530452075102,2.903070702017554,2.8591796777274,2.8842601776123047,93889309,0.0,0.0
2019-11-28 00:00:00+08:00,2.8027484277634156,2.8340992023825797,2.8027484277634156,2.821558952331543,48768361,0.0,0.0
2019-12-30 00:00:00+08:00,2.953231586138107,2.953231586138107,2.928151087235361,2.9344210624694824,69412096,0.0,0.0
2020-01-30 00:00:00+08:00,2.671076074136281,2.69615657538781,2.6271850474545255,2.6522655487060547,150805450,0.0,0.0
2020-02-27 00:00:00+08:00,2.5394030996860004,2.589564098369049,2.520592575688289,2.570753574371338,115074164,0.0,0.0
2020-03-30 00:00:00+08:00,2.2258963251416715,2.3450288419936176,2.2196262005437566,2.307408094406128,155784754,0.0,0.0
2020-04-28 00:00:00+08:00,2.3889200096754517,2.420270636542929,2.357569382807975,2.4140005111694336,96066890,0.0,0.0
2020-05-28 00:00:00+08:00,2.207086206956354,2.2697874601970995,2.207086206956354,2.25724720954895,166310378,0.0,0.0
2020-06-29 00:00:00+08:00,2.189549571291437,2.209515050092911,2.1496186136884887,2.176239252090454,148738116,0.0,0.0
2020-07-30 00:00:00+08:00,2.2694117459709275,2.2893772256592224,2.256101426178731,2.262756586074829,68379036,0.0,0.0
2020-08-28 00:00:00+08:00,2.30934273522663,2.3625840150842716,2.30934273522663,2.32265305519104,99309992,0.0,0.0
2020-09-29 00:00:00+08:00,2.0697565644109854,2.096377361800871,2.056446245051804,2.076411724090576,58975212,0.0,0.0
2020-10-29 00:00:00+08:00,2.0611643084520215,2.122589676670937,2.0611643084520215,2.0679893493652344,131053452,0.0,0.0
2020-11-27 00:00:00+08:00,2.57986838859489,2.6071685573543317,2.538918135455727,2.5730433464050293,169646143,0.0,0.0
2020-12-30 00:00:00+08:00,2.416067267608821,2.4228923099520494,2.3546418865197616,2.4024171829223633,172599974,0.0,0.0
2021-01-28 00:00:00+08:00,2.6003436101928883,2.613993695071446,2.5525683131179377,2.586693525314331,111265791,0.0,0.0
2021-02-25 00:00:00+08:00,3.0712719905535604,3.1258723294257447,3.0644467854726924,3.0849220752716064,193773595,0.0,0.0
2021-03-30 00:00:00+08:00,2.873345131948976,2.9347706659085677,2.8392197629839497,2.8665199279785156,160308933,0.0,0.0
2021-04-29 00:00:00+08:00,2.6754190438205003,2.7368445839975406,2.6754190438205003,2.702719211578369,167983129,0.0,0.0
2021-05-28 00:00:00+08:00,2.880170254165307,2.886995458713244,2.8460452077566183,2.873345375061035,122586986,0.0,0.0
2021-06-29 00:00:00+08:00,2.8974132067878258,2.8974132067878258,2.7911510451441313,2.7982351779937744,221855948,0.0,0.0
2021-07-29 00:00:00+08:00,2.543205739513106,2.55028987147669,2.4794485518408487,2.5290374755859375,129772810,0.0,0.0
2021-08-30 00:00:00+08:00,2.5573740621017356,2.6423838165137417,2.5432057978495735,2.621131420135498,224229159,0.0,0.0
2021-09-29 00:00:00+08:00,2.8970310305264433,2.911925777002414,2.830004493825191,2.882136106491089,132810534,0.0,0.0
2021-10-28 00:00:00+08:00,2.785320708792228,2.815110206604004,2.7480838365275084,2.815110206604004,114357129,0.0,0.0
2021-11-29 00:00:00+08:00,2.614030469159059,2.6736094545340494,2.606583095987185,2.6214778423309326,127535189,0.0,0.0
2021-12-30 00:00:00+08:00,2.7555308659330358,2.7555308659330358,2.6810569531698025,2.6959517002105713,79435536,0.0,0.0
2022-01-28 00:00:00+08:00,3.038531087401103,3.0608733844196836,2.9938468484827063,3.0236363410949707,90439408,0.0,0.0
2022-02-25 00:00:00+08:00,2.9789524206625426,2.9938471685611034,2.8597942599146564,2.897031307220459,197886786,0.0,0.0
2022-03-30 00:00:00+08:00,2.897030808938809,2.9193729269438644,2.8895834362704567,2.9119255542755127,107242646,0.0,0.0
2022-04-28 00:00:00+08:00,2.8597941538137643,2.9193733207569683,2.844899406467812,2.8895838260650635,149672328,0.0,0.0
2022-05-30 00:00:00+08:00,3.105557942493223,3.1204526903300738,3.0832156431785465,3.090663194656372,242496074,0.0,0.0
2022-06-29 00:00:00+08:00,2.9206452618535743,2.9695947726527914,2.896170603707612,2.9043288230895996,83711997,0.0,0.0
2022-07-28 00:00:00+08:00,2.994069313598959,3.0267021898495274,2.9859110945363168,3.010385751724243,85863212,0.0,0.0
2022-08-30 00:00:00+08:00,3.0756519104800644,3.083810130620304,3.043019029919105,3.059335470199585,105371210,0.0,0.0
2022-09-29 00:00:00+08:00,2.861819298659363,2.939165899097618,2.8016609910170747,2.8274431228637695,121914842,0.0,0.0
2022-10-28 00:00:00+08:00,2.896195709917848,2.9047899594636357,2.7930671741466404,2.8360373973846436,224280065,0.0,0.0
2022-11-29 00:00:00+08:00,3.0251066166529075,3.093858974563777,3.0165125719140486,3.0766708850860596,128664208,0.0,0.0
2022-12-29 00:00:00+08:00,3.2313635120751885,3.274333730673629,3.2313635120751885,3.257145643234253,53171358,0.0,0.0
2023-01-30 00:00:00+08:00,3.6868479797456954,3.71263031398984,3.6352837210537072,3.6610660552978516,154391757,0.0,0.0
2023-02-27 00:00:00+08:00,3.5321553191083,3.5579372443987536,3.463402971938672,3.480591058731079,89805024,0.0,0.0
2023-03-30 00:00:00+08:00,3.936075584651101,4.073580279724787,3.9274817461071536,4.056392192840576,171543938,0.0,0.0
2023-04-27 00:00:00+08:00,4.4173424802421035,4.434530567332683,4.348590131879786,4.3915605545043945,93940625,0.0,0.0
2023-05-30 00:00:00+08:00,4.41734249527432,4.45171866957246,4.339996308001664,4.374372482299805,90927874,0.0,0.0
2023-06-29 00:00:00+08:00,4.081363621700237,4.10827347085995,4.00960302591754,4.027543067932129,36352575,0.0,0.0
2023-07-28 00:00:00+08:00,3.892993189234192,3.9288732753145137,3.8302028247314466,3.919903039932251,161836224,0.0,0.0
2023-08-30 00:00:00+08:00,4.099303722381592,4.1531238491956,4.081363680110256,4.099303722381592,140879301,0.0,0.0
2023-09-28 00:00:00+08:00,4.086700711088322,4.1145643309539,3.9845330715179443,3.9845330715179443,89474640,0.0,0.0
2023-10-30 00:00:00+08:00,3.808061799693594,3.8173499681030822,3.7151823300199447,3.7523341178894043,104087789,0.0,0.0
2023-11-29 00:00:00+08:00,3.789485782177557,3.808061675506497,3.696606315532858,3.724470376968384,107375348,0.0,0.0
2023-12-28 00:00:00+08:00,3.770909929023463,3.798773990755849,3.7430463101753135,3.780198097229004,54244955,0.0,0.0
2024-01-30 00:00:00+08:00,3.8080617293361865,3.8452135165192334,3.77090994215314,3.798774003982544,122668130,0.0,0.0
2024-02-28 00:00:00+08:00,4.114564623528729,4.114564623528729,4.003109250372638,4.058836936950684,134035473,0.0,0.0
2024-03-27 00:00:00+08:00,4.123852225393989,4.133139950437094,4.04954865351226,4.086700439453125,146539636,0.0,0.0
2024-04-29 00:00:00+08:00,4.458218827918981,4.458218827918981,4.281747619846747,4.337475299835205,163083683,0.0,0.0
2024-05-30 00:00:00+08:00,4.755433256522063,4.79258504423831,4.653266061744506,4.662553787231445,103058275,0.0,0.0
2024-06-27 00:00:00+08:00,4.625402428214051,4.66255421937366,4.569674741474639,4.588250637054443,91488574,0.0,0.0
2024-07-30 00:00:00+08:00,4.747246446560683,4.747246446560683,4.650363960298656,4.689116954803467,116366680,0.0,0.0
2024-08-29 00:00:00+08:00,5.1444650871385464,5.192906563288756,5.0669590948759335,5.134777069091797,63746807,0.0,0.0
2024-09-27 00:00:00+08:00,4.800000190734863,4.920000076293945,4.699999809265137,4.860000133514404,317398359,0.0,0.0
2024-10-30 00:00:00+08:00,4.400000095367432,4.420000076293945,4.329999923706055,4.360000133514404,114416151,0.0,0.0
2024-11-28 00:00:00+08:00,4.179999828338623,4.210000038146973,4.150000095367432,4.170000076293945,50646894,0.0,0.0
2024-12-11 00:00:00+08:00,4.329999923706055,4.400000095367432,4.260000228881836,4.300000190734863,150874778,0.0,0.0
